{"cameraMode":{"drawMode":0,"name":"Shaded","section":"Shading Mode"},"sceneLighting":true,"audioPlay":false,"sceneViewState":{"showFog":true,"showMaterialUpdate":false,"showSkybox":true,"showFlares":true,"showImageEffects":true,"showParticleSystems":true},"in2DMode":false,"pivot":{"x":91.818115234375,"y":197.6995849609375,"z":0.20855712890625},"rotation":{"x":0.001809612032957375,"y":0.0048105912283062939,"z":-0.000008589114258938935,"w":0.9999878406524658},"size":201.30075073242188,"orthographic":false}